name;description;category1;category2;
Nº da Notificação ;Número da Notificação. Campo Chave para identificação do registro no sistema. ;cadastral;restrito;
Tipo de Notificação ;Identifica o tipo da notificação. Compo Obrigatório. Texto Codificado: 1- Negativa, 2- Individual, 3- Surto, 4 - Agregado.;não cadastral;específico;
Agravo ;Nome e código do agravo notificado segundo CID-10 (Centro Colaborador da OMS para a Classificação de Doenças em Português). Nome e código do agravo notificado segundo CID-10 (Centro Colaborador da OMS para a Classificação de Doenças em Português). Tabela de agravos do sistema com códigos (classificação internacional de doenças –CID 10) e nomes dos agravos classificados como notificação compulsória ( nacional, estadual ou municipal) e as síndromes ( febre hemorragia aguda,respiratória aguda, diarréia aguda, sanguinolenta, neurológica aguda, insuficiência renal aguda, outras síndromes. Campo Chave. ;não cadastral;específico;
Data da Notificação ;Data de preenchimento da ficha de notificação. Campo Chave. ;não cadastral;restrito;
Semana epidemiológica ;Semana epidemiológica que o caso foi notificado. Semanas do calendário epidemiológico padronizado. Preenchida automaticamente, a partir da data de notificação (AAAASS) ;não cadastral;específico;
Ano da notificação ;Variável interna preenchida pelo sistema a partir da data de notificação. Campo interno;não cadastral;específico;
UF de Notificação ;Sigla da Unidade Federativa onde está localizada a unidade de saúde (ou outra fonte notificadora) que realizou a notificação. Tabela com Códigos e siglas padronizados pelo IBGE. A sigla é uma variável que está associada ao código na tabela. Campo Obrigatório. ;não cadastral;restrito;
Município de Notificação;Código do município onde está localizada a unidade de saúde (ou outra fonte notificadora) que realizou a notificação. O nome está associado ao código na tabela de municípios. Campo Chave. Preenchendo o código, a descrição é preenchida automaticamente, e viceversa ;não cadastral;restrito;
Região de Saúde;Regional de saúde onde está localizado o município da unidade de saúde ou outra fonte notificadora. Campo com código da regional de saúde da tabela de município do sistema . Sistema relaciona o campo município de notificação com o campo regional da tabela de municípios.;não cadastral;específico;
Unidade Notificadora ;Setor de atuação da unidade notificadora. Texto Codificado: 1-Unidade de Saúde, 2- Unidade de Assistência Social, 3-Estabelecimento de Ensino, 4- Conselho Tutelar , 5-Unidade de Saúde Indígena, 6-Centro Especializado de Atendimento à Mulher,  7-Outros. Campo Obrigatório . Se for igual (=) 1. Unidade de Saúde ou 7. Outros, pular para o campo 8. Unidade de Saúde e preencher o campo 7.  Nome da Unidade Notificadora automaticamente com a informação digitada no campo 8. Unidade de Saúde. ;não cadastral;específico;
Nome da Unidade Notificadora;"Nome completo e código da unidade de que realizou a notificação do caso. Código e nome das tabelas  dos cadastros da Saúde (CNES),  MDS, MEC, SDH, Saúde Indígena e SPM.  Campo Obrigatório se campo 6. Unidade Notificadora for preenchido com 2. Unidade de Assistencia Social, 3. Estabelecimento de Ensino, 4. Conselho Tutelar, 5. Unidade de Saúde Indígena ou 6. Centro Especializado de Atendimento à Mulher. 
 Ao preencher o código, a descrição é preenchida automaticamente e viceversa. ";não cadastral;específico;
Unidade de Saúde. Código CNES  ;"Nome completo e código da unidade de saúde da área de abrangência da unidade notificadora.  Código e nome da tabela do cadastro Nacional de Estabelecimento de Saúde 
(CNES). Campo Obrigatório. Ao preencher o código, a descrição é preenchida automaticamente e viceversa. ";não cadastral;específico;
Data da ocorrência da violência ;Data da ocorrência da violência. Campo Obrigatório.  Data menor ou igual (<=) a Data de Notificação. ;não cadastral;restrito;
Semana epidemiológica dos primeiros sintomas/ diagnósticos.  (campo interno) ;Semana epidemiológica dos números sintomas.  Semanas do calendário epidemiológico padronizado. Preenchida automaticamente, a partir da data de primeiros sintomas data do diagnostico. (AAAASS)  ;não cadastral;específico;
Nome do Paciente ;Nome completo do paciente (sem abreviações). Campo Obrigatório  ;cadastral;restrito;
Data de nascimento ;Data de  nascimento do paciente. dd/mm/aaaa. Campo Obrigatório Caso a idade não seja preenchida. Uma vez preenchido é, calculada automaticamente a idade.   ;cadastral;restrito;
Idade ;Variável interna preenchida pelo sistema a partir da data de notificação. Campo interno;não cadastral;restrito;
Sexo ;Sexo do paciente. M- Masculino, F- Feminino, I- Ignorado.  Campo Obrigatório. Se Sexo = Masculino, desabilitar o campo Gestante,;não cadastral;específico;
Gestante ;Idade gestacional da paciente. Gestante 1. 1º Trimestre, 2. 2º Trimestre, 3. 3º Trimestre, 4. Idade gestacional ignorada, 5. Não, 6. Não se aplica, 9. Ignorado. Campo Obrigatório se sexo = F, Se Sexo=Masculino ou idade menor ou igual a 10 anos, o campo é preenchido automaticamente com 6 - Não se Aplica;não cadastral;específico;
Raça/Cor ;Considera-se cor ou raça declarada pela pessoa. 1.branca, 2. preta, 3. amarela (pessoa que se declarou de raça amarela), 4. parda (pessoa que se declarou mulata, cabocla, cafuza, mameluca ou mestiça de preto com pessoa de outra cor ou raça), 5. indígena (pessoa que se declarou indígena ou índia). Campo Essencial ;não cadastral;específico;
Escolaridade ;Série e grau que a pessoa está freqüentando ou freqüentou considerando a última série concluída com aprovação ou grau de instrução do paciente por ocasião da notificação. 43 Analfabeto , 1. 1ª a 4ª série incompleta do EF, 2. 4ª série completa do EF ( antigo 1° grau), 3. 5ª à 8ª série incompleta do EF (antigo ginásio ou 1° grau), 4. Ensino fundamental completo (antigo ginásio ou 1° grau),  5. Ensino médio incompleto, (antigo colegial ou 2° grau), 6. Ensino médio completo (antigo colegial ou 2° grau), 7. Educação superior incompleta , 8. Educação superior completa,  9. Ignorado, 10. Não se aplica . Campo Essencial ;não cadastral;específico;
Número do Cartão SUS ;Número do cartão do Sistema Único de Saúde (SUS) do paciente. ;cadastral;restrito;
Nome da mãe ;Nome completo da mãe do paciente (sem abreviações). Campo Essencial. ;cadastral;restrito;
UF ;"Sigla da Unidade Federada de residência do paciente por ocasião da notificação. A sigla é uma variável que está associada ao código na tabela. Tabela com Códigos e siglas padronizados pelo IBGE (tabela municipi.dbf). Campo Obrigatório se residente no Brasil. 
Ao digitar sigla da UF, o campo País é preenchido automaticamente com “Brasil”. Se nenhuma UF for selecionada, o sistema pula automaticamente para seleção de outro país que não o Brasil. ";não cadastral;restrito;
Município de residência ;Código do município de residência do caso notificado. O nome está associado ao código na tabela de municípios. Tabela com Códigos e nomes padronizados pelo IBGE. Campo Obrigatório quando UF é digitada. São exibidos somente os Municípios pertencentes à UF selecionada no campo anterior. Permite digitação do nome do município ou do código IBGE. Quando digitado o nome, o código é preenchido automaticamente e viceversa.  ;não cadastral;restrito;
Região de Saúde;Regional de saúde onde está localizado o município da unidade de saúde ou outra fonte notificadora. Campo com código da regional de saúde da tabela de município do sistema . Sistema relaciona o campo município de notificação com o campo regional da tabela de municípios.;não cadastral;específico;
Distrito ;Nome e respectivo código do distrito de residência do paciente por ocasião da notificação. Campo Essencial. Filtra apenas os distritos pertencentes ao Município selecionado no campo anterior. ;cadastral;restrito;
Bairro ;Código do bairro de residência do paciente por ocasião da notificação. Serão exibidos apenas os Bairros pertencentes ao Município selecionado no campo anterior. Campo Essencial ;cadastral;restrito;
Nome do Bairro ;Nome do bairro de residência. Se o bairro não estiver cadastrado  na tabela  municipal do Sinan  será gravado o nome digitado no campo Bairro e não será gravado nenhum código. ;cadastral;restrito;
Logradouro (rua,  avenida...) ;Identificação do tipo (avenida, rua, travessa, etc.) título e nome do logradouro  Dados do endereço de residência do paciente por ocasião da notificação . Campo Essencial. Se o logradouro for de município diferente do município de residência, será gravado o nome digitado no campo e não será gravado nenhum código. ;cadastral;restrito;
Número do logradouro ;Nº. do logradouro (nº. da casa ou do edifício) Dados do endereço de residência do paciente por ocasião da notificação. Campo Essencial ;cadastral;restrito;
Complemento do logradouro ;Complemento do logradouro (ex. Bloco D, apto. casa, etc.) Dados do endereço de residência do paciente por ocasião da notificação. Campo Essencial.;cadastral;restrito;
Geo campo 1 ;Campo para GeoReferenciamento. Selecionado em tabela de localidade (código e descrição) Tabela com Códigos e nomes padronizados segundo Tabela disponibilizada pelo sistema para importação pelo gestor municipal do Sinan de tabela georeferenciada.;cadastral;restrito;
Geo campo 2 ;Campo para GeoReferenciamento. Selecionado em tabela de localidade (código e descrição)  Tabela com Códigos e nomes padronizados segundo Tabela disponibilizada pelo sistema para importação pelo gestor municipal do Sinan de tabela georeferenciada.;cadastral;restrito;
Ponto de referencia ;Ponto de referência para facilitar a localização da residência do paciente. Campo Essencial ;cadastral;restrito;
CEP de residência ;CEP de residência do paciente. Campo Essencial ;cadastral;restrito;
(DDD)  ;Código de residência do paciente. Campo Essencial ;cadastral;restrito;
Telefone ;Telefone de residência do paciente. Campo Essencial ;cadastral;restrito;
Zona ;Zona de residência do paciente por ocasião da notificação. 1. urbana, 2. rural, 3. periurbana, 9. ignorado. Campo Essencial.;não cadastral;restrito;
País (se residente fora do Brasil) ;País onde residia o paciente por ocasião da notificação. Campo Obrigatório. Se UF for digitada este campo é preenchido automaticamente com “Brasil”. ;não cadastral;específico;
Não Listar/ Não Contar ;Identifica duplicidade. Categorias de 1 e 2 atribuídas pelo usuário do sistema na rotina de duplicidade para identificar duplicidades que não devem ser listadas no relatório de duplicidade ou não devem ser computadas na incidência do agravo. Quando o registro estava marcado para não listar e retornou para a rotina de duplicidade, é atribuída a categoria 0. 0 ou branco – Não identificado, 1.	Não é duplicidade (não listar), 2. Duplicidade (não contar). ;não cadastral;específico;
Vinculação ;Indica se a notificação foi vinculada .   0	ou branco - Não Vinculado ,  1 - Vinculado  Categoria 1 atribuída pelo sistema após vinculação de notificações de hanseníase ou tuberculose. ;não cadastral;específico;
Nome social ;Designação pela qual a pessoa travesti ou transexual se identifica e é socialmente reconhecida.;cadastral;específico;
Ocupação ;"Informar a atividade exercida pelo paciente no setor formal, informal ou autônomo ou sua última atividade exercida quando paciente for desempregado. O ramo de atividade econômica do paciente refere-se as atividades econômicas desenvolvidas nos processos de produção do setor 
primário (agricultura e extrativismo), secundário (indústria) ou terciário (serviços e comércio). ";não cadastral;específico;
Situação conjugal ;"Situação conjugal do paciente. Campo Essencial. Categoria 8 se idade do paciente for <=9 anos. 1.	Solteiro,  2. Casado/ União consensual, 3. Viúvo, 4. Separado, 8. Não se aplica, 9. Ignorado. Campo Essencial 
Categoria 8 se idade do paciente for <=9 anos ";não cadastral;específico;
Orientação sexual ;Orientação sexual do paciente. 1. Heterossexual, 2. Homossexual (gay/lésbica), 3. Bissexual, 4. Não se aplica, 9. Ignorado. Campo Obrigatório se >=10 anos, Categoria (8) Não se Aplica se idade do paciente for <=9 anos. ;não cadastral;específico;
Identidade de Gênero ;Dimensão da identidade de uma pessoa que diz respeito à forma como se relaciona com as representações de masculinidade e feminilidade e como isso se traduz em sua prática social, sem guardar relação necessária com o sexo atribuído no nascimento. 1. Travesti, 2. Transexual Mulher, 3. Transexual Homem, 8. Não se aplica, 9. Ignorado. Campo Obrigatório se >=10 anos, Categoria (8) Não se Aplica se idade do paciente for <=9 anos,  Se o campo 13 Sexo for igual (=) a Feminino (F) não permitir a categoria (4) Travesti.;não cadastral;específico;
Possui algum tipo de deficiência/ transtorno ;Se o paciente possui algum tipo de deficiência/ transtorno. 1. Sim , 2. Não, 9. Ignorado Campo Essencial. Se 2 ou 9, pular para o campo 40 (UF de ocorrência). ;não cadastral;específico;
Deficiência física ;Se o paciente possui algum tipo de deficiência física. 1. Sim , 2. Não, 8. Não se aplica, 9. Ignorado. Campo Essencial. Se campo 38 for = 2 ou 9 preencher automaticamente com categoria = 8 (não se aplica). Se campo 38 = 1, não aceitar categoria = 8 (não se aplica). ;não cadastral;específico;
Deficiência intelectual ;Se o paciente possui algum tipo de deficiência mental. 1. Sim , 2. Não, 8. Não se aplica, 9. Ignorado. Campo Essencial. Se campo 38 for = 2 ou 9 preencher automaticamente com categoria = 8 (não se aplica). Se campo 38 = 1, não aceitar categoria = 8 (não se aplica). ;não cadastral;específico;
Deficiência visual ;Se o paciente possui algum tipo de deficiência visual. 1. Sim , 2. Não, 8. Não se aplica, 9. Ignorado. Campo Essencial . Se campo 38 for = 2 ou 9 preencher automaticamente com categoria = 8 (não se aplica). Se campo 38 = 1, não aceitar categoria = 8 (não se aplica). ;não cadastral;específico;
Deficiência auditiva ;Se o paciente possui algum tipo de deficiência auditiva. 1. Sim , 2. Não, 8. Não se aplica, 9. Ignorado. Campo Essencial . Se campo 38 for = 2 ou 9 preencher automaticamente com categoria = 8 (não se aplica). Se campo 38 = 1, não aceitar categoria = 8 (não se aplica). ;não cadastral;específico;
Transtorno mental ;Se o paciente possui algum tipo de transtorno mental. 1. Sim , 2. Não, 8. Não se aplica, 9. Ignorado. Campo Essencial . Se campo 38 for = 2 ou 9 preencher automaticamente com categoria = 8 (não se aplica). Se campo 38 = 1, não aceitar categoria = 8 (não se aplica). ;não cadastral;específico;
Transtorno de comportamento ;Se o paciente possui algum tipo de transtorno de comportamento. 1. Sim , 2. Não, 8. Não se aplica, 9. Ignorado. Campo Essencial . Se campo 38 for = 2 ou 9 preencher automaticamente com categoria = 8 (não se aplica). Se campo 38 = 1, não aceitar categoria = 8 (não se aplica). ;não cadastral;específico;
Outras deficiências/ síndromes ;Se o paciente possui algum tipo de outras deficiências/síndromes. 1. Sim , 2. Não, 8. Não se aplica, 9. Ignorado. Campo Essencial . Se campo 38 for = 2 ou 9 preencher automaticamente com categoria = 8 (não se aplica). Se campo 38 = 1, não aceitar categoria = 8 (não se aplica). ;não cadastral;específico;
Outras deficiências/ síndromes (especificar) ;Especificar qual o tipo de outras deficiências/síndromes. 1. Sim , 2. Não, 8. Não se aplica, 9. Ignorado. Campo obrigatório se campo 39 Outras deficiências/síndromes for = 1 ;não cadastral;específico;
UF de ocorrência ;Sigla da Unidade Federada de ocorrência do evento por ocasião da notificação. Campo obrigatório. Tabela com Código dos estados padronizados pelo IBGE. ;não cadastral;restrito;
Município de ocorrência ;Código e nome do município de ocorrência do evento notificado. Campo obrigatório. São exibidos somente os municípios pertencentes à UF selecionada no campo anterior. Digitação do nome do município ou do código: quando digitado o nome, o código é preenchido automaticamente e vice- versa. Tabela com Códigos e nomes padronizados pelo IBGE. ;não cadastral;restrito;
Distrito de ocorrência ;Nome e respectivo código do distrito de ocorrência do evento. Filtra apenas os distritos pertencentes ao Município selecionado no campo 41. Tabela com Códigos e nomes padronizados segundo Tabela disponibilizada pelo sistema para cadastramento pelo gestor municipal do Sinan ou tabela nacional carregada no sistema.;cadastral;restrito;
Bairro de ocorrência ;Nome e respectivo código do bairro de ocorrência do evento.  Serão exibidos apenas os Bairros pertencentes ao Município selecionado no campo anterior. Campo essencial. Se o bairro for de município diferente do município de ocorrencia, será gravado o nome digitado no campo bairro (no_bairro_ocor) e não será gravado nenhum código. Tabela Códigos e nomes padronizados segundo Tabela disponibilizada pelo sistema para cadastramento pelo gestor municipal do Sinan. ;cadastral;restrito;
Nome do Bairro ;Nome do bairro de residência. Se o bairro não estiver cadastrado  na tabela  municipal do Sinan  será gravado o nome digitado no campo Bairro e não será gravado nenhum código. ;cadastral;restrito;
Logradouro (rua, avenida...) de ocorrência ;Identificação do tipo (avenida, rua, travessa, etc.) título e nome do logradouro  Dados do endereço de ocorrência do evento  ;cadastral;restrito;
Logradouro ;Identificação do tipo (avenida, rua, travessa, etc.) Título e nome do logradouro  Dados do endereço de ocorrência do evento (av., rua, etc). Descrição digitada quando não há tabela no sistema. ;cadastral;restrito;
Número do logradouro de ocorrência ;Nº. do logradouro (nº. da casa ou do edifício) Dados do endereço de ocorrência do evento ;cadastral;restrito;
Complemento do logradouro de ocorrência ;Complemento do logradouro (ex. Bloco D, apto. casa, etc.) Dados do endereço de ocorrência do evento.;cadastral;restrito;
Geo campo 3 ;Campo para GeoReferenciamento. Selecionado em tabela de localidade (código e descrição)  Tabela com Códigos e nomes padronizados segundo Tabela disponibilizada pelo sistema para cadastramento pelo gestor municipal do Sinan. ;cadastral;restrito;
Geo campo 4 ;Campo para GeoReferenciamento. Selecionado em tabela de localidade (código e descrição)  Tabela com Códigos e nomes padronizados segundo Tabela disponibilizada pelo sistema para cadastramento pelo gestor municipal do Sinan. ;cadastral;restrito;
Ponto de referencia da ocorrencia ;Ponto de referência para facilitar a localização do local de ocorrência do evento. ;cadastral;restrito;
Zona de ocorrencia ;Zona de ocorrencia do evento por ocasião da notificação. 1.Urbana, 2. Rural, 3. Periurbano, 9. Ignorado ;cadastral;restrito;
Hora de ocorrência ;Informar a hora em que a violência ocorreu considerando o intervalo de 00:00 a 23:59s. Campo essencial  ;não cadastral;específico;
Local de ocorrência  ;Informar o local de ocorrência do evento notificado. Campo obrigatório. Se categoria selecionada for diferente de 09, pular para questão 53. 01. Residência, 02. Habitação coletiva, 03. Escola, 04. Local de prática esportiva, 05. Bar ou similar, 06. Via publica, 07. Comércio/Serviços, 08. Industrias/ construção, 09. Outro, 99. Ignorado  ;não cadastral;restrito;
Local de ocorrência - Outro (especificar) ;Especificar outro local de ocorrência. Campo obrigatório se campo 52 Local de Ocorrência for igual a  9Outro. ;não cadastral;restrito;
Ocorreu outras vezes? ;Informar se a violência é de repetição. 1. Sim , 2. Não,  9. Ignorado  Campo Essencial.;não cadastral;específico;
A lesão foi autoprovocada? ;Informar se a lesão foi autoprovocada. Campo essencial. 1. Sim, 2. Não, 8. Não se aplica, 9. Ignorado ;não cadastral;específico;
Violência motivada por: ;Informar se violência tem relação com caractéristicas da vitima. Campo obrigatório. 01. Sexismo, 02. Homofobia/Lesbofobia Bifobia/Transfobia, 03. Racismo, 04. Intolerância religiosa, 05. Xenofobia 06. Conflito geracional, 07. Situação de rua, 08. Deficiência, 09. Outros, 88. Não se aplica, 99. Ignorado ;não cadastral;específico;
Tipo de Violência - Física ;Informar se ocorreu violência física. Campo obrigatório. 1. Sim , 2. Não, 9. Ignorado ;não cadastral;específico;
Tipo de Violência - psicológica/ moral ;Informar se ocorreu violência psicológica/moral. Campo obrigatório. 1. Sim , 2. Não, 9. Ignorado  ;não cadastral;específico;
Tipo de Violência - Tortura ;Informar se ocorreu tortura. Campo obrigatório. 1. Sim , 2. Não, 9. Ignorado ;não cadastral;específico;
Tipo de Violência - Sexual ;Informar se ocorreu violência sexual. Campo obrigatório. 1. Sim , 2. Não, 9. Ignorado ;não cadastral;específico;
Tipo de Violência - Tráfico de seres humanos ;Informar se ocorreu tráfico de seres humanos. Campo obrigatório. 1. Sim , 2. Não, 9. Ignorado ;não cadastral;específico;
Tipo de Violência - financeira/econômico ;Informar se ocorreu violência financeira/econômica . Campo obrigatório. 1. Sim , 2. Não, 9. Ignorado ;não cadastral;específico;
Tipo de Violência - Negligencia/ abandono ;Informar se ocorreu negligencia/abandono. Campo obrigatório. 1. Sim , 2. Não, 9. Ignorado ;não cadastral;específico;
Tipo de Violência - Trabalho infantil ;Informar se ocorreu trabalho infantil. Campo obrigatório. 1. Sim , 2. Não, 9. Ignorado ;não cadastral;específico;
Tipo de Violência - Intervenção legal ;Informar se ocorreu intervenção legal. Campo obrigatório. 1. Sim , 2. Não, 9. Ignorado ;não cadastral;específico;
Tipo de Violência - Outros ;Informar se ocorreu outro tipo de violência. Campo obrigatório. 1. Sim , 2. Não, 9. Ignorado. Se categoria=2 ou 9, pular para o campo 57. Meio de agressão Força Corporal/Espancamento ;não cadastral;específico;
Outros tipos de violência (especificar) ;Especificar que outro tipo de violência ocorreu. Campo Obrigatório se campo 56-Outros for = 1. ;não cadastral;específico;
Meio de Agressão - Força corporal/ espancamento ;Informar se o meio de agressão foi através de força corporal. Campo essencial. 1. Sim , 2. Não, 9. Ignorado. ;não cadastral;específico;
Meio de Agressão - Enforcamento ;Informar se o meio de agressão foi através de enforcamento. Campo essencial. 1. Sim , 2. Não, 9. Ignorado. ;não cadastral;específico;
Meio de Agressão - Objeto contundente ;Informar se o meio de agressão foi através de objeto contundent. . Campo essencial. 1. Sim , 2. Não, 9. Ignorado. ;não cadastral;específico;
Meio de Agressão - Objeto perfuro-cortante ;Informar se o meio de agressão foi através de obj. perfuro cortant. . Campo essencial. 1. Sim , 2. Não, 9. Ignorado. ;não cadastral;específico;
Meio de Agressão - Substancia/objeto quente;Informar se o meio de agressão foi através de subst/obj quente. Campo essencial. 1. Sim , 2. Não, 9. Ignorado. ;não cadastral;específico;
Meio de Agressão - Envenenamento, Intoxicação ;Informar se o meio de agressão foi através de envenenamento. Campo essencial. 1. Sim , 2. Não, 9. Ignorado. ;não cadastral;específico;
Meio de Agressão - Arma de fogo ;Informar se o meio de agressão foi através de arma de fogo. Campo essencial. 1. Sim , 2. Não, 9. Ignorado. ;não cadastral;específico;
Meio de Agressão - Ameaça ;Informar se o meio de agressão foi através de ameaça. Campo essencial. 1. Sim , 2. Não, 9. Ignorado. ;não cadastral;específico;
Meio de Agressão - Outro ;Informar se o meio de agressão foi através de outro. Campo essencial. 1. Sim , 2. Não, 9. Ignorado. Se categoria selecionada for =2 ou 9, pular para o campo 58. Se ocorreu violência sexual, qual tipo? - Assedio sexual ;não cadastral;específico;
Meio de Agressão - Outro meio de agressão (especificar) ;Especificar qual outro meio de agressão sofreu. Campo Obrigatório se campo 57-Outro for = 1. ;não cadastral;específico;
Se ocorreu violência sexual, qual tipo? - Assedio sexual ;Informar se ocorreu assedio sexual. Campo essencial. 1. Sim , 2. Não, 8. Não se aplica, 9. Ignorado. Habilitado se campo 56- violência sexual for=1. Categoria 8 (não se aplica) se campo 56 – tipo de violência sexual for = 2 ou 9. ;não cadastral;específico;
Se ocorreu violência sexual, qual tipo? - Estupro ;Informar se ocorreu estupro. Campo essencial. Habilitado se campo 56- violência sexual for=1. 1. Sim , 2. Não, 8. Não se aplica, 9. Ignorado. Categoria 8 (não se aplica) se campo 56 – tipo de violência sexual for = 2 ou 9;não cadastral;específico;
Se ocorreu violência sexual, qual tipo? - Pornografia infantil ;Informar se ocorreu Pornografia infantil. Campo essencial. Habilitado se campo 56- violência sexual for=1. 1. Sim , 2. Não, 8. Não se aplica, 9. Ignorado. Categoria 8 (não se aplica) se campo 56 – tipo de violência sexual for = 2 ou 9;não cadastral;específico;
Se ocorreu violência sexual, qual tipo? - Exploração sexual ;Informar se ocorreu Informar se ocorreu exploração sexual. Campo essencial. Habilitado se campo 56- violência sexual for=1. 1. Sim , 2. Não, 8. Não se aplica, 9. Ignorado. Categoria 8 (não se aplica) se campo 56 – tipo de violência sexual for = 2 ou 9;não cadastral;específico;
Se ocorreu violência sexual, qual tipo? - Outro ;Informar se ocorreu outro tipo de violência sexual. Campo essencial. Habilitado se campo 56- violência sexual for=1. Categoria 8 (não se aplica) se campo 56 – tipo de violência sexual for = 2 ou 9. Se categoria selecionada for =2, 8 ou 9, pular para campo 59. Procedimento realizado.  ;não cadastral;específico;
Se ocorreu violência sexual, qual tipo? - Outro tipo de violência sexual (especificar) ;Especificar qual outro tipo de violência sexual. Campo Obrigatório se campo 58. Se ocorreu violência sexual, qual tipo? - Outro =1 ;não cadastral;específico;
Procedimento realizado – Profilaxia DST ;Informar se ocorreu profilaxia DST. 1. Sim , 2. Não, 8. Não se aplica, 9. Ignorado. Campo essencial  Habilitado se campo 56- violência sexual for=1. Se campo 56 violência sexual for = 2 ou 9 preencher com categoria 8 automaticamente ;não cadastral;específico;
Procedimento realizado – Profilaxia HIV ;Informar se ocorreu profilaxia HIV. 1. Sim , 2. Não, 8. Não se aplica, 9. Ignorado. Campo essencial  Habilitado se campo 56- violência sexual for=1. Se campo 56 violência sexual for = 2 ou 9 preencher com categoria 8 automaticamente.;não cadastral;específico;
Procedimento realizado – Profilaxia Hepatite B ;Informar se ocorreu profilaxia hepatite B. 1. Sim , 2. Não, 8. Não se aplica, 9. Ignorado. Campo essencial  Habilitado se campo 56- violência sexual for=1. Se campo 56 violência sexual for = 2 ou 9 preencher com categoria 8 automaticamente. ;não cadastral;específico;
Procedimento realizado – Coleta de sangue ;Informar se ocorreu coleta de sangue. 1. Sim , 2. Não, 8. Não se aplica, 9. Ignorado. Campo essencial  Habilitado se campo 56- violência sexual for=1. Se campo 56 violência sexual for = 2 ou 9 preencher com categoria 8 automaticamente.;não cadastral;específico;
Procedimento realizado – Coleta de sêmen ;Informar se ocorreu coleta de semen. 1. Sim , 2. Não, 8. Não se aplica, 9. Ignorado. Campo essencial  Habilitado se campo 56- violência sexual for=1. Se campo 56 violência sexual for = 2 ou 9 preencher com categoria 8 automaticamente.;não cadastral;específico;
Procedimento realizado – Coleta de secreção vaginal ;"Informar se ocorreu coleta de secreção vaginal. 1. Sim , 2. Não, 8. Não se aplica, 9. Ignorado. Campo essencial  Habilitado se campo 56- violência sexual for=1. Se campo 56 violência sexual for = 2 ou 9 preencher com categoria 8 automaticamente. Se sexo igual a Masculino (M) preencher com não se aplica (8).
 ";não cadastral;específico;
Procedimento realizado – Contracepção de emergência  ;Informar se ocorreu contracepção de emergencia. 1. Sim , 2. Não, 8. Não se aplica, 9. Ignorado. Campo essencial  Habilitado se campo 56- violência sexual for=1. Se campo 56 violência sexual for = 2 ou 9 preencher com categoria 8 automaticamente. Se sexo igual a Masculino (M) preencher com não se aplica (8).;não cadastral;específico;
Procedimento realizado - Aborto previsto em lei ;Informar se ocorreu aborto previsto em lei. 1. Sim , 2. Não, 8. Não se aplica, 9. Ignorado. Campo essencial  Habilitado se campo 56- violência sexual for=1. Se campo 56 violência sexual for = 2 ou 9 preencher com categoria 8 automaticamente. Se sexo igual a Masculino (M) preencher com não se aplica (8).;não cadastral;específico;
Numero de envolvidos ;Informar o número de envolvidos na violência. 1.	Um, 2. Dois ou mais, 9.Ignorado ;não cadastral;específico;
Relação com a pessoa atendida – Pai ;Informar se o provável autor da agressão era o pai. Campo obrigatório. 1.	Sim, 2.Não,  9. Ignorado.;não cadastral;específico;
Relação com a pessoa atendida – Mãe ;Informar se o provável autor da agressão era a mãe. Campo obrigatório. 1.Sim, 2.	Não,  9. Ignorado.;não cadastral;específico;
Relação com a pessoa atendida – Padrasto ;Informar se o provável autor da agressão era o padrasto. Campo obrigatório. 1.Sim, 2.Não,  9. Ignorado. ;não cadastral;específico;
Relação com a pessoa atendida – Madrasta ;Informar se o provável autor da agressão era a madrasta. Campo obrigatório. 1.Sim, 2.Não,  9. Ignorado. ;não cadastral;específico;
Relação com a pessoa atendida – Cônjuge  ;Informar se o provável autor da agressão era o cônjuge. Campo obrigatório. 1. Sim, 2. Não,  9. Ignorado. ;não cadastral;específico;
Relação com a pessoa atendida – Excônjuge  ;Informar se o provável autor da agressão era o ex-cônjuge. Campo obrigatório. 1. Sim, 2. Não,  9. Ignorado.  ;não cadastral;específico;
Relação com a pessoa atendida – Namorado(a)  ;Informar se o provável autor da agressão era o namorado(a). Campo obrigatório. 1. Sim, 2. Não,  9. Ignorado.  ;não cadastral;específico;
Relação com a pessoa atendida – Exnamorado(a)  ;Informar se o provável autor da agressão era o ex-namorado(a). Campo obrigatório. 1. Sim, 2. Não,  9. Ignorado.  ;não cadastral;específico;
Relação com a pessoa atendida – Filho (a)  ;Informar se o (a) provável autor (a) da agressão eram filho ou filha. Campo obrigatório. 1. Sim, 2. Não,  9. Ignorado.  ;não cadastral;específico;
Relação com a pessoa atendida – Irmão (ã)  ;Informar se o provável autor da agressão era irmão ou irmã. Campo obrigatório. 1. Sim, 2. Não,  9. Ignorado.  ;não cadastral;específico;
Relação com a pessoa atendida – Amigos/conhecidos  ;Informar se o provável autor da agressão eram amigo(s)/ conhecido(s). Campo obrigatório. 1. Sim, 2. Não,  9. Ignorado.  ;não cadastral;específico;
Relação com a pessoa atendida – Desconhecido  ;Informar se o provável autor da agressão era desconhecido. Campo obrigatório. 1. Sim, 2. Não,  9. Ignorado.  ;não cadastral;específico;
Relação com a pessoa atendida – cuidador  ;Informar se o provável autor da agressão era o cuidador. Campo obrigatório. 1. Sim, 2. Não,  9. Ignorado.  ;não cadastral;específico;
Relação com a pessoa atendida – patrão/chefe  ;Informar se o provável autor da agressão era o patrão/chefe. Campo obrigatório. 1. Sim, 2. Não,  9. Ignorado.  ;não cadastral;específico;
Relação com a pessoa atendida – pessoa com relação institucional  ;Informar se o provável autor da agressão era pessoa com relação institucional. Campo obrigatório. 1. Sim, 2. Não,  9. Ignorado.  ;não cadastral;específico;
Relação com a pessoa atendida – policial/agente da lei  ;Informar se o provável autor da agressão era policial/agente da lei. Campo obrigatório. 1. Sim, 2. Não,  9. Ignorado.  ;não cadastral;específico;
Relação com a pessoa atendida – Própria pessoa  ;Informar se o provável autor da agressão era a própria pessoa. Campo obrigatório. 1. Sim, 2. Não,  9. Ignorado.  ;não cadastral;específico;
Relação com a pessoa atendida – Outros  ;Informar se o provável autor da agressão tinha outro tipo de relação. Campo obrigatório. Se categoria=2 ou 9, pular para campo 62. Sexo do provável autor da agressão.;não cadastral;específico;
Relação com a pessoa atendida – Outros (especificar) ;Especificar outro tipo de relação com a pessoa atendida. Campo Obrigatório se campo 61. Relação com a pessoa atendida – Outros =1 ;não cadastral;específico;
Sexo do provável autor da violência ;Informar o sexo do provável autor da agressão. Campo obrigatório. 1. Masculino, 2. Feminino, 3. Ambos os sexos, 9 .Ignorado.;não cadastral;específico;
Suspeita de uso de álcool  ;Informar se o provável autor da agressão tinha suspeita de uso de alcool. 1. Sim, 2. Não,  9. Ignorado.  ;não cadastral;específico;
Ciclo de vida do Principal provável autor da violência  ;Informar o ciclo de vida do provável autor da agressão. Campo obrigatório. 1. Criança, 2.	Adolescente, 3.	Jovem, 4. Pessoa adulta, 5. Pessoa idosa, 9. Ignorado.;não cadastral;específico;
Encaminhamento - Rede da Saúde ;Informar se houve encaminhamento no setor da rede da saúdel. Campo obrigatório. 1. Sim, 2. Não,  9. Ignorado.   ;não cadastral;específico;
Encaminhamento - Rede da Assistencia Social ;Informar se houve encaminhamento no setor da rede Assistencia Social. Campo obrigatório. 1. Sim, 2. Não,  9. Ignorado.   ;não cadastral;específico;
Encaminhamento - Rede de Educação ;Informar se houve encaminhamento no setor da rede Educação. Campo obrigatório. 1. Sim, 2. Não,  9. Ignorado.   ;não cadastral;específico;
Encaminhamento - Rede de Atendimento à Mulher ;Informar se houve encaminhamento no setor da rede atendimento à mulher. Campo obrigatório. 1. Sim, 2. Não,  9. Ignorado.   ;não cadastral;específico;
Encaminhamento - Conselho Tutelar ;Informar se houve encaminhamento para o Conselho Tutelar. Campo obrigatório. 1. Sim, 2. Não,  9. Ignorado.   ;não cadastral;específico;
Encaminhamento - Conselho do Idoso ;Informar se houve encaminhamento para o Conselho do Idoso. Campo obrigatório. 1. Sim, 2. Não,  9. Ignorado.   ;não cadastral;específico;
Encaminhamento - Delegacia de Atendimento ao Idoso ;Informar se houve encaminhamento para delegacia de atendimento ao idoso . Campo obrigatório. 1. Sim, 2. Não,  9. Ignorado.  ;não cadastral;específico;
Encaminhamento - Centro de Referência dos Direitos Humanos ;Informar se houve encaminhamento para centro de referência dos direitos Humanos. Campo obrigatório. 1. Sim, 2. Não,  9. Ignorado.   ;não cadastral;específico;
Encaminhamento - Ministério Público ;Informar se houve encaminhamento para Ministério Público . Campo obrigatório. 1. Sim, 2. Não,  9. Ignorado.  ;não cadastral;específico;
Encaminhamento - Delegacia Especializada de Proteção à Criança e Adolescente ;Informar se houve encaminhamento para Delegacia Especializada de Proteção à Criança e Adolescente  Campo obrigatório. 1. Sim, 2. Não,  9. Ignorado.   ;não cadastral;específico;
Encaminhamento - Delegacia de Atendimento à Mulher ;Informar se houve encaminhamento para Delegacia de atendimento à mulher . Campo obrigatório. 1. Sim, 2. Não,  9. Ignorado.   ;não cadastral;específico;
Encaminhamento - Outras delegacias ;Informar se houve encaminhamento para outras delegacias. Campo obrigatório. 1. Sim, 2. Não,  9. Ignorado.   ;não cadastral;específico;
Encaminhamento - Justiça da infância e da Juventude ;Informar se houve encaminhamento para justiça da infência e da juventude. Campo obrigatório. 1. Sim, 2. Não,  9. Ignorado.  ;não cadastral;específico;
Encaminhamento -  Defensoria pública ;Informar se houve encaminhamento para defensoria pública. Campo obrigatório. 1. Sim, 2. Não,  9. Ignorado.   ;não cadastral;específico;
Violência relacionada ao trabalho ;Informar se ocorreu violência relacionada ao trabalho. Campo Essencial. 1. Sim, 2. Não,  9. Ignorado.   Se categoria=2 ou 9 pular para o campo 68. Circunstância da lesão ;não cadastral;específico;
Se sim, foi emitida a comunicação de acidente de trabalho (CAT) ;Informar se foi emitida a CAT, caso a violência seja relacionada ao trabalho. 1. Sim, 2. Não,  8. Não se aplica, 9. Ignorado. Categoria=8 se campo 66. Violência relacionada ao trabalho for = 2 ou 9. Se campo 66. Violência relacionada ao trabalho for = 1 não permitir a categoria 8. Não se aplica.;não cadastral;específico;
Circunstância da lesão ;Nome e código do agravo notificado segundo CID-10 CAPITULO XX (VO1 a Y98). Campo Essencial . Tabela de agravos do sistema com códigos (classificação internacional de doenças - CID 10) e nomes dos agravos.;não cadastral;específico;
Data de encerramento ;Data de encerramento do caso.  Campo≥ data da notificação.;não cadastral;restrito;
Observações adicionais ;Observações adicionais ;não cadastral;restrito; 
